timeStamp,elapsed,label,responseCode,responseMessage,threadName,dataType,success,failureMessage,bytes,sentBytes,grpThreads,allThreads,URL,Latency,IdleTime,Connect
1618576430390,793,HTTP Request add,200,OK,Assignment 1 1-5,text,true,,587,435,10,11,http://www.dneonline.com/calculator.asmx,793,0,450
1618576430885,641,HTTP Request add,200,OK,Assignment 1 1-10,text,true,,587,435,10,11,http://www.dneonline.com/calculator.asmx,641,0,301
1618576430514,669,HTTP Request add,200,OK,Assignment 1 1-6,text,true,,587,435,10,11,http://www.dneonline.com/calculator.asmx,669,0,325
1618576430187,972,HTTP Request add,200,OK,Assignment 1 1-3,text,true,,587,435,10,11,http://www.dneonline.com/calculator.asmx,972,0,649
1618576430092,1060,HTTP Request add,200,OK,Assignment 1 1-2,text,true,,587,435,10,11,http://www.dneonline.com/calculator.asmx,1060,0,728
1618576430588,640,HTTP Request add,200,OK,Assignment 1 1-7,text,true,,587,435,10,11,http://www.dneonline.com/calculator.asmx,640,0,311
1618576430685,608,HTTP Request add,200,OK,Assignment 1 1-8,text,true,,587,435,10,11,http://www.dneonline.com/calculator.asmx,608,0,296
1618576430091,1061,HTTP Request add,200,OK,Assignment 1 1-1,text,true,,587,435,10,11,http://www.dneonline.com/calculator.asmx,1061,0,744
1618576430785,642,HTTP Request add,200,OK,Assignment 1 1-9,text,true,,587,435,10,11,http://www.dneonline.com/calculator.asmx,642,0,319
1618576430296,867,HTTP Request add,200,OK,Assignment 1 1-4,text,true,,587,435,10,11,http://www.dneonline.com/calculator.asmx,867,0,540
1618576431647,651,HTTP Request divide,200,OK,Assignment 1 1-8,text,true,,597,442,10,11,http://www.dneonline.com/calculator.asmx,651,0,0
1618576431647,651,HTTP Request divide,200,OK,Assignment 1 1-4,text,true,,597,442,10,11,http://www.dneonline.com/calculator.asmx,651,0,0
1618576431646,652,HTTP Request divide,200,OK,Assignment 1 1-3,text,true,,597,442,10,11,http://www.dneonline.com/calculator.asmx,652,0,0
1618576431647,651,HTTP Request divide,200,OK,Assignment 1 1-9,text,true,,597,442,10,11,http://www.dneonline.com/calculator.asmx,651,0,0
1618576431647,650,HTTP Request divide,200,OK,Assignment 1 1-6,text,true,,597,442,10,11,http://www.dneonline.com/calculator.asmx,650,0,0
1618576431647,650,HTTP Request divide,200,OK,Assignment 1 1-1,text,true,,597,442,10,11,http://www.dneonline.com/calculator.asmx,650,0,0
1618576431646,652,HTTP Request divide,200,OK,Assignment 1 1-2,text,true,,597,442,10,11,http://www.dneonline.com/calculator.asmx,652,0,0
1618576431647,651,HTTP Request divide,200,OK,Assignment 1 1-7,text,true,,597,442,10,11,http://www.dneonline.com/calculator.asmx,650,0,0
1618576431646,651,HTTP Request divide,200,OK,Assignment 1 1-5,text,true,,597,442,10,11,http://www.dneonline.com/calculator.asmx,651,0,0
1618576431646,652,HTTP Request divide,200,OK,Assignment 1 1-10,text,true,,597,442,10,11,http://www.dneonline.com/calculator.asmx,651,0,0
1618576432301,644,HTTP Request multiply,200,OK,Assignment 1 1-1,text,true,,606,448,10,11,http://www.dneonline.com/calculator.asmx,644,0,0
1618576432302,643,HTTP Request multiply,200,OK,Assignment 1 1-7,text,true,,606,448,10,11,http://www.dneonline.com/calculator.asmx,643,0,0
1618576432300,645,HTTP Request multiply,200,OK,Assignment 1 1-8,text,true,,606,448,10,11,http://www.dneonline.com/calculator.asmx,645,0,0
1618576432303,642,HTTP Request multiply,200,OK,Assignment 1 1-5,text,true,,606,448,10,11,http://www.dneonline.com/calculator.asmx,642,0,0
1618576432302,643,HTTP Request multiply,200,OK,Assignment 1 1-2,text,true,,606,448,10,11,http://www.dneonline.com/calculator.asmx,643,0,0
1618576432301,644,HTTP Request multiply,200,OK,Assignment 1 1-9,text,true,,606,448,10,11,http://www.dneonline.com/calculator.asmx,644,0,0
1618576432300,645,HTTP Request multiply,200,OK,Assignment 1 1-3,text,true,,606,448,10,11,http://www.dneonline.com/calculator.asmx,645,0,0
1618576432303,642,HTTP Request multiply,200,OK,Assignment 1 1-10,text,true,,606,448,10,11,http://www.dneonline.com/calculator.asmx,642,0,0
1618576432300,645,HTTP Request multiply,200,OK,Assignment 1 1-4,text,true,,606,448,10,11,http://www.dneonline.com/calculator.asmx,645,0,0
1618576432301,644,HTTP Request multiply,200,OK,Assignment 1 1-6,text,true,,606,448,10,11,http://www.dneonline.com/calculator.asmx,644,0,0
1618576432948,589,HTTP Request subtract,200,OK,Assignment 1 1-8,text,true,,606,450,10,11,http://www.dneonline.com/calculator.asmx,589,0,0
1618576432950,590,HTTP Request subtract,200,OK,Assignment 1 1-6,text,true,,606,450,10,11,http://www.dneonline.com/calculator.asmx,590,0,0
1618576432949,591,HTTP Request subtract,200,OK,Assignment 1 1-9,text,true,,606,450,10,11,http://www.dneonline.com/calculator.asmx,591,0,0
1618576432948,592,HTTP Request subtract,200,OK,Assignment 1 1-5,text,true,,606,450,10,11,http://www.dneonline.com/calculator.asmx,591,0,0
1618576432949,591,HTTP Request subtract,200,OK,Assignment 1 1-2,text,true,,606,450,10,11,http://www.dneonline.com/calculator.asmx,591,0,0
1618576432950,590,HTTP Request subtract,200,OK,Assignment 1 1-4,text,true,,606,450,10,11,http://www.dneonline.com/calculator.asmx,590,0,0
1618576432948,589,HTTP Request subtract,200,OK,Assignment 1 1-7,text,true,,606,450,10,11,http://www.dneonline.com/calculator.asmx,589,0,0
1618576432950,590,HTTP Request subtract,200,OK,Assignment 1 1-10,text,true,,606,450,10,11,http://www.dneonline.com/calculator.asmx,590,0,0
1618576432948,589,HTTP Request subtract,200,OK,Assignment 1 1-1,text,true,,606,450,10,11,http://www.dneonline.com/calculator.asmx,589,0,0
1618576432949,591,HTTP Request subtract,200,OK,Assignment 1 1-3,text,true,,606,450,10,11,http://www.dneonline.com/calculator.asmx,591,0,0
1618576430091,3454,Post,200,OK,Assignment 2 2-1,text,true,,389,361,1,11,https://petstore.swagger.io/v2/user,3452,0,2855
1618576433618,319,Get,200,OK,Assignment 2 2-1,text,true,,478,168,1,1,https://petstore.swagger.io/v2/user/Kavi,319,0,0
